{"difficulties": [0.02053, 0.02959, 0.03399, 0.04247, 0.0586, 0.10196], "loss_diffs": [0.02182, 0.02779, 0.03413, 0.07494, 0.12246, 0.22279], "positivities": [0.51896, 0.69076, 0.41463, 0.43778, 0.35644, 0.16176], "descriptions": ["Divorced\nMale\nNot In Family", "Masters\nWhite\nNot In Family", "Divorced\nPrivate Sector\nNot In Family", "Never Married\nWhite\nProf. Specialty", "Never Married\nPrivate Sector\nBachelors", "Never Married\nFemale"]}