{"difficulties": [0.02468, 0.02544, 0.03265, 0.069, 0.08596], "loss_diffs": [0.05737, 0.05542, 0.0936, 0.09665, 0.18495], "positivities": [0.28883, 0.26732, 0.27104, 0.28349, 0.20777], "descriptions": ["White\nUnmarried", "Unmarried", "Divorced\nWhite\nFemale", "Never Married\nFemale\nNot In Family", "Never Married\nPrivate Sector\nMale"]}